tissue,roc_auc,pr_auc,pos_count_test
culture condition:cd4+ cell,0.9455257593233372,0.10483138493133162,16
thalamus,0.926463406125724,0.06322658581654152,11
corpus striatum,0.9259969325153374,0.0464750581492484,9
pancreatic islet,0.9170773969965345,0.43870635065402386,20
neostriatum,0.91572441548486,0.04166819622275346,8
endocrine pancreas,0.9155179052753176,0.43251960898216235,20
caudate nucleus,0.9142870831736297,0.04088670230553159,8
bone,0.9136625648253555,0.3193823618362046,43
smooth muscle,0.9114854517611026,0.039407824500080964,5
olfactory lobe,0.9009216589861752,0.16065123131536757,13
vascular system,0.9004101957102916,0.19419315088965705,38
gut,0.8994851994851996,0.23917999992379588,27
olfactory bulb,0.8989719957461894,0.16017128264898964,13
globus pallidus,0.8932676518883416,0.02937652063958586,7
nucleus lentiformis,0.8931581828133554,0.028247746668941694,7
b-lymphocyte,0.8923743309606578,0.1141910284312831,28
prefrontal cortex,0.8869849826723142,0.11298000137643886,20
ear,0.8822928635261074,0.018563911289155036,6
embryonic brain,0.8803385917660639,0.19199204913600065,18
cytotoxic t-lymphocyte,0.8787528868360277,0.38620760817379746,19
helper t-lymphocyte,0.8710648148148149,0.3676477159288151,25
b-lymphoblastoid cell,0.8669414909899797,0.21212404023625436,38
b-lymphoblast,0.8666353747882696,0.21198494381167787,38
cardiac muscle,0.8658893087436317,0.3309497853140325,84
bronchial epithelial cell,0.8657519342359767,0.26724548171378526,32
respiratory epithelium,0.8649540618955512,0.26539848936370913,32
epithelium,0.8645551257253384,0.26620224396025105,32
bronchial epithelium,0.864470502901354,0.2658458985865005,32
embryo,0.8636599274235355,0.20010979578308766,45
t-lymphocyte,0.8625925925925926,0.3633219018837421,25
lymphoblast,0.862017863181556,0.20639924096995912,39
nerve,0.8612093261593645,0.17489176193559955,15
vascular bundle,0.8607197886858904,0.32953961011143107,21
exocrine gland,0.859400951015858,0.35194306439629364,69
stem,0.8592523295913127,0.3311694688687832,21
plumule,0.8591239269205371,0.3278431258319202,21
plant form,0.8587754053855748,0.3284076042255247,21
salivary gland,0.8585705185084068,0.35486987960580035,69
hypocotyl,0.8580783623156505,0.32833026423771894,21
seedling,0.8572345733362683,0.3295086795328317,21
plant embryo,0.8572345733362683,0.32848444223068124,21
leaf,0.8571428571428572,0.3322114268236573,21
shoot,0.8565008437889793,0.33052247635123205,21
parenchyma,0.8562623816861106,0.3302241345792544,21
whole plant,0.8561339790153351,0.3293792680380752,21
fibre tract,0.8560498641143802,0.197113328757629,13
plant vessel,0.8560239195832416,0.33069504736786526,21
vascular tissue,0.8559688898671949,0.32714557884191403,21
plant,0.8557120845256438,0.32971793199160276,21
seed,0.8549416685009905,0.3292640888886142,21
cerebral peduncle,0.8548091693252984,0.19117560108280482,13
lymph node,0.8522303015218319,0.34941664152802177,89
midbrain,0.8507326007326008,0.18952230084564703,13
tonsil,0.8457050392972723,0.2153205134263687,42
hypothalamus,0.8412981707144676,0.27057472197883425,113
ganglion,0.8407806882383154,0.04644119193202497,21
limbic system,0.8403847326382539,0.2884823953038221,132
culture condition,0.8398047347503023,0.1360767903831686,45
other source,0.8394764126490409,0.13718419451324126,45
trachea,0.8393913553269733,0.04911877946035122,29
culture condition:antigen-presenting cell,0.8386296872299982,0.13480410577401367,45
peripheral blood,0.8385711292688037,0.24610166876693124,37
cell culture,0.8385173665111456,0.13542707173317128,45
basal ganglion,0.83683805356347,0.045605081246891305,19
spleen,0.8351357778094831,0.3574687849825535,172
dendritic cell,0.835098266949056,0.2525699649830248,34
esophagus,0.8338776321017083,0.2665881781906827,100
adipose tissue,0.8335596191523734,0.3403499943314944,141
small intestine,0.8319660840552205,0.25911140161412416,104
diencephalon,0.8316436150990505,0.2730305152758645,122
subthalamic nucleus,0.8315099168266155,0.03220627212813622,12
lymph,0.8292897548711503,0.20107684322849942,37
erythroid cell,0.829018273165593,0.2211280311960955,19
cecum,0.8287687956538548,0.3255384044224545,118
vermiform appendix,0.8287009719141895,0.3279186658769691,118
ileocecum,0.8285992363046913,0.32533753918044905,118
duodenum,0.8285673375879561,0.23891822981580563,97
cingulate gyrus,0.8281239098583688,0.023522097204978113,11
connective tissue,0.827174652387807,0.37495282756584736,154
cerebral gyrus,0.8263447987162492,0.024133604787080227,11
cingulate cortex,0.8256471080722807,0.024157464884872238,11
urinary bladder,0.8250719979965774,0.27863049437940907,95
culture condition:cd8+ cell,0.8245815028026057,0.12155701797640155,41
epithalamus,0.8244683685977722,0.08127089081401107,29
mononuclear phagocyte,0.8236804249197742,0.19811918229390285,35
pineal gland,0.8234157650695518,0.07953900470729977,29
muscle,0.8233990939422694,0.29326655354405196,104
pons,0.8228953646898431,0.042908840674316544,9
ascites,0.8228937965474191,0.13180898783739686,36
monocyte,0.8221201726236583,0.1966808456181702,35
mononuclear cell,0.8218656633838661,0.19871298727921688,35
abdomen,0.821720693960136,0.13164585267457185,36
adrenal gland,0.8215820441623694,0.2760414842775204,96
phagocyte,0.821489432333739,0.19784606214915454,35
medulla oblongata,0.8199846566935174,0.021188903309935544,10
amygdala,0.8195475113122171,0.03807283024662387,17
leukemia cell,0.81920814479638,0.38544232668084927,17
molt-4 cell,0.8181447963800905,0.38386964720488465,17
lymphoblastic leukemia cell,0.8179185520361991,0.3849087071115278,17
avian pallium,0.8177149321266968,0.03788312807180728,17
colon,0.8176371258500076,0.31357610046656614,123
adrenal cortex,0.8173142467620995,0.3069606566460575,9
lymphoblastic leukemia cell line,0.8171266968325792,0.382776202861262,17
hematopoietic cell line,0.8170588235294116,0.38558800327591547,17
blood cancer cell,0.8164705882352941,0.3868934556602177,17
leukemia cell line,0.8162443438914027,0.38189668117787107,17
lymphoblastoid cell line,0.8153846153846154,0.39035174321316546,17
lymphocytic leukemia cell,0.815339366515837,0.38920593065044506,17
t-lymphoblastic leukemia cell line,0.8152714932126696,0.379464854920516,17
lymphocytic leukemia cell line,0.8147511312217194,0.3889982740701594,17
acute lymphoblastic leukemia cell line,0.8147058823529411,0.38556414898544983,17
acute lymphoblastic leukemia cell,0.8140045248868778,0.3849203652677233,17
retina,0.8139949828640073,0.12438928152960155,44
myelencephalon,0.812428078250863,0.021074332143884492,10
mouth,0.8113637066592435,0.3162416018718892,130
gall bladder,0.809318712403933,0.26809920956925976,93
bladder,0.8066163723916533,0.28424342086461923,125
bone marrow,0.8003313447401974,0.2592432379009325,101
colorectum,0.7993219564681626,0.3045303132097551,134
large intestine,0.7991274861952501,0.35538455807345587,184
corpus callosum,0.7971047833273692,0.18838922934236194,93
liver,0.7961088511972256,0.4184983086319,331
thyroid gland,0.7934265488282108,0.2637926228815569,90
uterine cervix,0.7905715043175277,0.12556766276118247,41
thymus,0.7898420880379644,0.1742505735954435,97
ovary,0.7887532515793385,0.3561450748376202,225
leukocyte,0.7878970779743353,0.17715922170500223,109
heart,0.7865398299171692,0.38504083106049014,244
spinal cord,0.7828481272412888,0.24087596563149366,119
temporal lobe,0.7827677798668936,0.22972903345592993,135
neck,0.7823857014197924,0.27286365721027017,121
kidney,0.7823438909676087,0.3865658418771823,306
throat,0.7818195062513243,0.27172057964117746,121
cardiovascular system,0.7812351443252458,0.39779068570959797,283
lymphocyte,0.7808087109397154,0.17435333146033755,98
lymphoid cell,0.7804927449344169,0.17516688733701474,98
bronchoalveolar system,0.7801831012778944,0.18255380768946014,49
blood,0.7800476178867733,0.3136588284110987,204
bronchus,0.778784410960646,0.1846831035967774,49
eye,0.7785959112657677,0.350909104532212,242
occipital lobe,0.7783436833500413,0.2147122454632123,119
skeletal muscle,0.7760675883256527,0.29200320033805205,217
metencephalon,0.7756436597110755,0.21934152496037124,125
lymphoid tissue,0.7750173504448541,0.3724098072731629,304
urinary system,0.7747182877906148,0.4021052875171605,339
urinary tract,0.7746159882523872,0.40211000982612316,339
frontal lobe,0.7741506552627148,0.22368081811052837,139
vertebrate muscular system,0.7729891608464073,0.33342571675553645,244
excretory gland,0.7725573647202371,0.3887234801584713,333
thorax,0.7722422884446831,0.18358482985860858,113
cerebellum,0.7720023992541449,0.21253859914234116,123
sense organ,0.7712777110615505,0.3668322042880579,268
brain stem,0.771026489011234,0.22345885896258655,126
uterus,0.7707041332553257,0.3127461402740379,245
hindbrain,0.7697010826276182,0.21840675349243782,126
integument,0.7679952140852615,0.37503205127519185,296
parietal lobe,0.767577396198969,0.21711953644666743,127
skin,0.7673998735747339,0.3676724629039083,288
forebrain,0.7651959484020552,0.33458121468838214,259
large granular lymphocyte,0.7650076402532199,0.15281329677229893,72
natural killer cell,0.7644782798515608,0.15277488901989228,72
null cell,0.7642381576075092,0.15210606416457206,72
stomach,0.7636105267043148,0.3015266781147885,154
trunk,0.7633000983236229,0.30735966700300144,204
muscular system,0.7624726067506624,0.3632479214263726,284
intestine,0.7602817913488782,0.4251266192868403,396
pancreas,0.7592644596295256,0.343057772430935,243
hematopoietic cell,0.7543151877525544,0.16993425136799567,122
pharynx,0.7536263444932586,0.08481746983968236,41
skeletal system,0.7535478757607932,0.34032966018082556,287
prostate gland,0.7506780372867119,0.34832141405464345,236
cerebral lobe,0.7493867687958784,0.24062073495869052,180
hematopoietic system,0.7473877952176384,0.4025479884828763,398
myeloid progenitor cell,0.7463108687183482,0.1491325776112647,50
hematopoietic stem cell,0.7460459680560967,0.15089928975100006,50
blast cell,0.7455784962991819,0.14899315838408791,50
cerebral cortex,0.7455694594422919,0.25868789508883033,195
adult stem cell,0.7455161667315933,0.15101766460770413,50
marrow cell,0.7441682898324893,0.1484711413460893,50
cerebral hemisphere,0.740718168742839,0.2575504773935153,204
telencephalon,0.7405993271738865,0.2569331453643164,204
digestive gland,0.7405582922824302,0.5188135868555684,616
blood platelet,0.7320522674865488,0.03934157077284647,15
megakaryoblast,0.7318472969510633,0.03904791517853633,15
bone marrow cell,0.7315142198308993,0.03852388182696372,15
organism form,0.731349337465392,0.3766000520803998,395
embryonic structure,0.7312399594389818,0.37647334596866733,395
fetus,0.7294979177940382,0.3679638499750287,380
placenta,0.7294567442298191,0.3679441094560776,380
alimentary canal,0.7293323584445808,0.49852539959401077,645
blood plasma,0.7292595439405585,0.03822821662533533,15
megakaryocyte,0.7288752241865232,0.039170495139299724,15
gastrointestinal tract,0.7280362807035939,0.4680957608012428,555
respiratory system,0.7274522248676755,0.4731106230647986,578
lung,0.7262491394615747,0.4419423676465499,494
internal female genital organ,0.7218307158669014,0.4579207489068833,557
seminal vesicle,0.7211737629459148,0.01330309742365581,10
viscus,0.7175226878898421,0.5932443968991856,903
female reproductive system,0.713966823345181,0.795661539133794,1613
reproductive system,0.7096914205661251,0.8047440183396029,1645
urogenital system,0.7074988432811157,0.8119915932475668,1681
ophthalmic nerve,0.6984187707217546,0.01786897443313138,3
brain,0.6981406575350898,0.7404213730625181,1459
nervous system,0.6980837599544938,0.743998601037971,1465
central nervous system,0.6980665766021994,0.7439857680722852,1465
male reproductive gland,0.6962027988391645,0.6232722802000235,1076
oviduct,0.6958231798554999,0.013672779556290213,18
male reproductive system,0.6955745276079538,0.6230661041633037,1077
trigeminal nerve,0.6945932160163223,0.01776546770964222,3
cranial nerve,0.6908951798010711,0.017701294911683006,3
vagina,0.6907963339004445,0.011686791766222398,14
testis,0.6898689352517379,0.49742927161945083,771
gonad,0.6898422360964149,0.4973697019115856,771
head,0.6873262860663927,0.745522465679183,1510
female reproductive gland,0.6858834049845286,0.5771185499633424,979
spinal ganglion,0.6854334226988382,0.03830441399758267,6
parathyroid gland,0.6843202897755337,0.012663327997814616,14
peripheral ganglion,0.6791778373547811,0.03959466663503687,6
endocrine gland,0.6790371658335145,0.7019627435826253,1333
cranial ganglion,0.6784893267651888,0.0628862110188826,7
internal male genital organ,0.6782017265720212,0.5253578036912293,839
nasopharynx,0.6779638009049773,0.01652998896943047,17
gland,0.677920656137938,0.7141068704839735,1379
whole body,0.6756875277717949,0.899733118591866,2134
trigeminal ganglion,0.675424192665572,0.061946358962249225,7
rectum,0.6733795919842432,0.07025889833617537,43
oral mucosa,0.6701215611004478,0.009745654557785543,12
mucosa,0.6689699296225208,0.009699606935693161,12
lateral ventricle,0.6640789136561619,0.010344193098627382,15
epididymis,0.6635408660005124,0.015090140785581156,15
brain ventricle,0.6620804509351781,0.01029932308133365,15
hippocampus,0.6535590801822073,0.008742489878054437,14
breast,0.6395849346656418,0.010276130430103727,15
animal,0.620249936240755,0.9992102284896592,2614
larynx,0.587173579109063,0.06582494462801708,13
